{"frames": [

{
	"filename": "base",
	"frame": {"x":1,"y":1,"w":140,"h":140},
	"rotated": false,
	"trimmed": false,
	"spriteSourceSize": {"x":0,"y":0,"w":140,"h":140},
	"sourceSize": {"w":140,"h":140}
},
{
	"filename": "button1-down",
	"frame": {"x":228,"y":1,"w":65,"h":65},
	"rotated": false,
	"trimmed": false,
	"spriteSourceSize": {"x":0,"y":0,"w":65,"h":65},
	"sourceSize": {"w":65,"h":65}
},
{
	"filename": "button1-up",
	"frame": {"x":228,"y":68,"w":65,"h":65},
	"rotated": false,
	"trimmed": false,
	"spriteSourceSize": {"x":0,"y":0,"w":65,"h":65},
	"sourceSize": {"w":65,"h":65}
},
{
	"filename": "button2-down",
	"frame": {"x":470,"y":1,"w":65,"h":65},
	"rotated": false,
	"trimmed": false,
	"spriteSourceSize": {"x":0,"y":0,"w":65,"h":65},
	"sourceSize": {"w":65,"h":65}
},
{
	"filename": "button2-up",
	"frame": {"x":360,"y":1,"w":65,"h":65},
	"rotated": false,
	"trimmed": false,
	"spriteSourceSize": {"x":0,"y":0,"w":65,"h":65},
	"sourceSize": {"w":65,"h":65}
},
{
	"filename": "button3-down",
	"frame": {"x":294,"y":68,"w":65,"h":65},
	"rotated": false,
	"trimmed": false,
	"spriteSourceSize": {"x":0,"y":0,"w":65,"h":65},
	"sourceSize": {"w":65,"h":65}
},
{
	"filename": "button3-up",
	"frame": {"x":360,"y":68,"w":65,"h":65},
	"rotated": false,
	"trimmed": false,
	"spriteSourceSize": {"x":0,"y":0,"w":65,"h":65},
	"sourceSize": {"w":65,"h":65}
},
{
	"filename": "stick",
	"frame": {"x":143,"y":1,"w":84,"h":84},
	"rotated": false,
	"trimmed": false,
	"spriteSourceSize": {"x":0,"y":0,"w":84,"h":84},
	"sourceSize": {"w":84,"h":84}
}],
"meta": {
	"app": "http://www.codeandweb.com/texturepacker",
	"version": "1.0",
	"image": "generic-joystick.png",
	"format": "RGBA8888",
	"size": {"w":426,"h":142},
	"scale": "1",
	"smartupdate": "$TexturePacker:SmartUpdate:e9879c3113ba01e8301c41ff8a522461:27f6351bd7b0a375a2a8ff5a01af291c:39ee24d5067dbc6be070854b489a5e77$"
}
}
