{"frames": [

{
	"filename": "base",
	"frame": {"x":1,"y":1,"w":112,"h":112},
	"rotated": false,
	"trimmed": false,
	"spriteSourceSize": {"x":0,"y":0,"w":112,"h":112},
	"sourceSize": {"w":112,"h":112}
},
{
	"filename": "button1-down",
	"frame": {"x":182,"y":1,"w":52,"h":52},
	"rotated": false,
	"trimmed": false,
	"spriteSourceSize": {"x":0,"y":0,"w":52,"h":52},
	"sourceSize": {"w":52,"h":52}
},
{
	"filename": "button1-up",
	"frame": {"x":182,"y":54,"w":52,"h":52},
	"rotated": false,
	"trimmed": false,
	"spriteSourceSize": {"x":0,"y":0,"w":52,"h":52},
	"sourceSize": {"w":52,"h":52}
},
{
	"filename": "button2-down",
	"frame": {"x":235,"y":1,"w":52,"h":52},
	"rotated": false,
	"trimmed": false,
	"spriteSourceSize": {"x":0,"y":0,"w":52,"h":52},
	"sourceSize": {"w":52,"h":52}
},
{
	"filename": "button2-up",
	"frame": {"x":288,"y":1,"w":52,"h":52},
	"rotated": false,
	"trimmed": false,
	"spriteSourceSize": {"x":0,"y":0,"w":52,"h":52},
	"sourceSize": {"w":52,"h":52}
},
{
	"filename": "button3-down",
	"frame": {"x":235,"y":54,"w":52,"h":52},
	"rotated": false,
	"trimmed": false,
	"spriteSourceSize": {"x":0,"y":0,"w":52,"h":52},
	"sourceSize": {"w":52,"h":52}
},
{
	"filename": "button3-up",
	"frame": {"x":288,"y":54,"w":52,"h":52},
	"rotated": false,
	"trimmed": false,
	"spriteSourceSize": {"x":0,"y":0,"w":52,"h":52},
	"sourceSize": {"w":52,"h":52}
},
{
	"filename": "stick",
	"frame": {"x":114,"y":2,"w":67,"h":67},
	"rotated": false,
	"trimmed": false,
	"spriteSourceSize": {"x":0,"y":0,"w":34,"h":67},
	"sourceSize": {"w":34,"h":34}
}],
"meta": {
	"app": "http://www.codeandweb.com/texturepacker",
	"version": "1.0",
	"image": "generic-joystick.png",
	"format": "RGBA8888",
	"size": {"w":341,"h":114},
	"scale": "1",
	"smartupdate": "$TexturePacker:SmartUpdate:e9879c3113ba01e8301c41ff8a522461:27f6351bd7b0a375a2a8ff5a01af291c:39ee24d5067dbc6be070854b489a5e77$"
}
}
