{
  "assets": {
    "background_image": {"type": "image", "source": "assets/images/background.png"},
    "exit_image": {"type": "image", "source": "assets/images/button-exit.png"},
    "share_image": {"type": "image", "source": "assets/images/button-share.png"}
  },
  "groups": [
    "background",
    "menu_items"
  ],
  "prefabs": {
    "background_item": {
      "position": {"x": 0, "y": 0},
      "properties": {
        "group": "background",
        "texture": "background_image"
      },
      "type": "background"
    },
    "exit_item": {
      "position": {"x": 0.6, "y": 0.5},
      "properties": {
        "level_file": "assets/levels/menu.json",
        "group": "menu_items",
        "state_name": "MenuState",
        "texture": "exit_image"
      },
      "type": "start_state_item"
    },
    "share_item": {
      "position": {"x": 0.4, "y": 0.5},
      "properties": {
        "level_file": "assets/levels/game_over.json",
        "group": "menu_items",
        "state_name": "GameOverState",
        "texture": "share_image"
      },
      "type": "start_state_item"
    }
  }
}