{
  "assets": {
    "background_image": {"type": "image", "source": "assets/images/background.png"},
    "exit_image": {"type": "image", "source": "assets/images/button-exit.png"},
    "gem_image": {"type": "image", "source": "assets/images/gem.png"},
    "gems_5_image": {"type": "image", "source": "assets/images/button-gems-5.png"},
    "gems_20_image": {"type": "image", "source": "assets/images/button-gems-20.png"},
    "gems_50_image": {"type": "image", "source": "assets/images/button-gems-50.png"},
    "gems_100_image": {"type": "image", "source": "assets/images/button-gems-100.png"},
    "gems_200_image": {"type": "image", "source": "assets/images/button-gems-200.png"},
    "information_image": {"type": "image", "source": "assets/images/button-information.png"},
    "invite_image": {"type": "image", "source": "assets/images/button-invite.png"},
    "share_image": {"type": "image", "source": "assets/images/button-share.png"}
  },
  "groups": [
    "background",
    "hud",
    "menu_items"
  ],
  "prefabs": {
    "background_item": {
      "position": {"x": 0, "y": 0},
      "properties": {
        "group": "background",
        "texture": "background_image"
      },
      "type": "background"
    },
    "exit_item": {
      "position": {"x": 0.95, "y": 0.1},
      "properties": {
        "level_file": "assets/levels/purchase.json",
        "group": "menu_items",
        "state_name": "PurchaseState",
        "texture": "exit_image"
      },
      "type": "start_state_item"
    },
    "gem_item": {
      "position": {"x": 0.01, "y": 0.06},
      "properties": {
        "texture": "gem_image",
        "group": "hud"
      },
      "type": "gem"
    },
    "gems_5_item": {
      "position": {"x": 0.1, "y": 0.4},
      "properties": {
        "level_file": "assets/levels/gems.json",
        "group": "menu_items",
        "state_name": "GemsState",
        "texture": "gems_5_image"
      },
      "type": "start_state_item"
    },
    "gems_20_item": {
      "position": {"x": 0.5, "y": 0.4},
      "properties": {
        "level_file": "assets/levels/gems.json",
        "group": "menu_items",
        "state_name": "GemsState",
        "texture": "gems_20_image"
      },
      "type": "start_state_item"
    },
    "gems_50_item": {
      "position": {"x": 0.9, "y": 0.4},
      "properties": {
        "level_file": "assets/levels/gems.json",
        "group": "menu_items",
        "state_name": "GemsState",
        "texture": "gems_50_image"
      },
      "type": "start_state_item"
    },
    "gems_100_item": {
      "position": {"x": 0.3, "y": 0.8},
      "properties": {
        "level_file": "assets/levels/gems.json",
        "group": "menu_items",
        "state_name": "GemsState",
        "texture": "gems_100_image"
      },
      "type": "start_state_item"
    },
    "gems_200_item": {
      "position": {"x": 0.7, "y": 0.8},
      "properties": {
        "level_file": "assets/levels/gems.json",
        "group": "menu_items",
        "state_name": "GemsState",
        "texture": "gems_200_image"
      },
      "type": "start_state_item"
    },
    "gems_quantity_item": {
      "position": {"x": 0.06, "y": 0.05},
      "properties": {
        "text": "",
        "group": "hud",
        "style": {
          "font": "30px Times New Roman",
          "fill": "#2ED164"
        }
      },
      "type": "gems_quantity"
    },
    "information_item": {
      "position": {"x": 0.644, "y": 0.1},
      "properties": {
        "level_file": "assets/levels/gems.json",
        "group": "menu_items",
        "state_name": "GemsState",
        "texture": "information_image"
      },
      "type": "start_state_item"
    },
    "invite_item": {
      "position": {"x": 0.356, "y": 0.1},
      "properties": {
        "level_file": "assets/levels/gems.json",
        "group": "menu_items",
        "state_name": "GemsState",
        "texture": "invite_image"
      },
      "type": "start_state_item"
    },
    "share_item": {
      "position": {"x": 0.262, "y": 0.1},
      "properties": {
        "level_file": "assets/levels/gems.json",
        "group": "menu_items",
        "state_name": "GemsState",
        "texture": "share_image"
      },
      "type": "start_state_item"
    }
  }
}