{
    "assets": {
        "map_tiles": { "type": "image", "source": "assets/spritesheets/tiles_spritesheet_level1.png" },
        "player_spritesheet": {"type": "spritesheet", "source": "assets/spritesheets/player_spritesheet.png", "frame_width": 28, "frame_height": 34, "frames": 8, "margin": 0, "spacing": 0},
        "slime_image": { "type": "image", "source": "assets/images/slime.png" },
        "fly_spritesheet": { "type": "spritesheet", "source": "assets/spritesheets/fly_spritesheet.png", "frame_width": 37, "frame_height": 20, "frames": 2 },
        "goal_image": { "type": "image", "source": "assets/images/goal.png" },
        "life_image": {"type": "image", "source": "assets/images/life.png"},
        "checkpoint_image": { "type": "image", "source": "assets/images/checkpoint.png" },
        "coin_image": { "type": "image", "source": "assets/images/coin.png" },
        "level_tilemap": { "type": "tilemap", "source": "assets/maps/level2.json" }
    },
    "groups": [
        "goals",
        "checkpoints",
        "coins",
        "enemies",
        "players",
        "items",
        "hud"
    ],
    "map": {
        "key": "level_tilemap",
        "tilesets": ["map_tiles"]
    }
}