{
  "assets": {
    "map_tiles": {"type": "image", "source": "assets/spritesheets/tiles_spritesheet_level1.png"},
    "player_spritesheet": {"type": "spritesheet", "source": "assets/spritesheets/player_spritesheet.png", "frame_width": 33, "frame_height": 41, "frames": 8, "margin": 0, "spacing": 0},
    "fly_spritesheet": {"type": "spritesheet", "source": "assets/spritesheets/fly_spritesheet.png", "frame_width": 34, "frame_height": 34, "frames": 2},
    "ground_spritesheet": {"type": "spritesheet", "source": "assets/spritesheets/ground_spritesheet.png", "frame_width": 30, "frame_height": 16, "frames": 3},
    "goal_image": {"type": "image", "source": "assets/images/goal.png"},
    "life_image": {"type": "image", "source": "assets/images/life.png"},
    "checkpoint_image": { "type": "image", "source": "assets/images/checkpoint.png" },
    "fireball_image": { "type": "image", "source": "assets/images/fireball.png" },
    "coin_image": { "type": "image", "source": "assets/images/coin.png" },

    "level_tilemap": {"type": "tilemap", "source": "assets/maps/level1.json"}
  },
  "groups": [
    "goals",
    "checkpoints",
    "coins",
    "enemies",
    "players",
    "items",
    "hud",
    "fireballs",
    "invincible_enemies",
    "enemy_fireballs"
  ],
  "map": {
    "key": "level_tilemap",
    "tilesets": ["map_tiles", "map_tiles"]
  }
}