{
  "assets": {
    "background_image": {"type": "image", "source": "assets/images/background.png"},
    "exit_image": {"type": "image", "source": "assets/images/button-exit.png"},
    "firebase_facebook_image": {"type": "image", "source": "assets/images/firebase-button-facebook.png"},
    "firebase_google_image": {"type": "image", "source": "assets/images/firebase-button-google.png"},
    "firebase_twitter_image": {"type": "image", "source": "assets/images/firebase-button-twitter.png"},
    "game_image": {"type": "image", "source": "assets/images/button-game.png"},
    "gem_image": {"type": "image", "source": "assets/images/gem.png"},
    "information_image": {"type": "image", "source": "assets/images/button-information.png"},
    "invite_image": {"type": "image", "source": "assets/images/button-invite.png"},
    "purchase_image": {"type": "image", "source": "assets/images/button-purchase.png"},
    "share_image": {"type": "image", "source": "assets/images/button-share.png"}
  },
  "groups": [
    "background",
    "hud",
    "menu_items"
  ],
  "prefabs": {
    "background_item": {
      "position": {"x": 0, "y": 0},
      "properties": {
        "group": "background",
        "texture": "background_image"
      },
      "type": "background"
    },
    "exit_item": {
      "position": {"x": 0.89, "y": 0.012},
      "properties": {
        "level_file": "assets/levels/menu.json",
        "group": "menu_items",
        "state_name": "MenuState"
      },
      "type": "start_state_item"
    },
    "firebase_facebook_item": {
      "position": {"x": 0.46, "y": 0.32},
      "properties": {
        "level_file": "assets/levels/menu.json",
        "group": "menu_items",
        "state_name": "MenuState"
      },
      "type": "start_state_item"
    },
    "firebase_google_item": {
      "position": {"x": 0.46, "y": 0.52},
      "properties": {
        "level_file": "assets/levels/menu.json",
        "group": "menu_items",
        "state_name": "MenuState"
      },
      "type": "start_state_item"
    },
    "firebase_twitter_item": {
      "position": {"x": 0.46, "y": 0.72},
      "properties": {
        "level_file": "assets/levels/menu.json",
        "group": "menu_items",
        "state_name": "MenuState"
      },
      "type": "start_state_item"
    },
    "gem_item": {
      "position": {"x": 0.01, "y": 0.06},
      "properties": {
        "texture": "gem_image",
        "group": "hud"
      },
      "type": "gem"
    },
    "game_item": {
      "position": {"x": 0.08, "y": 0.3},
      "properties": {
        "group": "menu_items",
        "level_file": "assets/levels/level1.json",
        "state_name": "GameState"
      },
      "type": "start_state_item"
    },
    "gems_quantity": {
      "position": {"x": 0.08, "y": 0.05},
      "properties": {
        "text": "",
        "group": "hud",
        "style": {
          "font": "30px Times New Roman",
          "fill": "#2ED164"
        }
      },
      "type": "gems_quantity"
    },
    "information_item": {
      "position": {"x": 0.455, "y": 0.012},
      "properties": {
        "level_file": "assets/levels/menu.json",
        "group": "menu_items",
        "state_name": "MenuState"
      },
      "type": "start_state_item"
    },
    "invite_item": {
      "position": {"x": 0.324, "y": 0.012},
      "properties": {
        "level_file": "assets/levels/menu.json",
        "group": "menu_items",
        "state_name": "MenuState"
      },
      "type": "start_state_item"
    },
    "purchase_item": {
      "position": {"x": 0.58, "y": 0.3},
      "properties": {
        "group": "menu_items",
        "level_file": "assets/levels/purchase.json",
        "state_name": "PurchaseState"
      },
      "type": "start_state_item"
    },
    "share_item": {
      "position": {"x": 0.196, "y": 0.012},
      "properties": {
        "level_file": "assets/levels/menu.json",
        "group": "menu_items",
        "state_name": "MenuState"
      },
      "type": "start_state_item"
    }
  }
}