{
  "assets": {
    "background_image": {"type": "image", "source": "assets/images/background.png"},
    "exit_image": {"type": "image", "source": "assets/images/button-exit.png"},
    "gem_image": {"type": "image", "source": "assets/images/gem.png"},
    "information_image": {"type": "image", "source": "assets/images/button-information.png"},
    "invite_image": {"type": "image", "source": "assets/images/button-invite.png"},
    "purchase_gems_image": {"type": "image", "source": "assets/images/button-purchase-gems.png"},
    "purchase_skills_image": {"type": "image", "source": "assets/images/button-purchase-skills.png"},
    "share_image": {"type": "image", "source": "assets/images/button-share.png"}
  },
  "groups": [
    "background",
    "hud",
    "menu_items"
  ],
  "prefabs": {
    "background_item": {
      "position": {"x": 0, "y": 0},
      "properties": {
        "group": "background",
        "texture": "background_image"
      },
      "type": "background"
    },
    "exit_item": {
      "position": {"x": 0.95, "y": 0.1},
      "properties": {
        "level_file": "assets/levels/menu.json",
        "group": "menu_items",
        "state_name": "MenuState",
        "texture": "exit_image"
      },
      "type": "start_state_item"
    },
    "gem_item": {
      "position": {"x": 0.01, "y": 0.06},
      "properties": {
        "texture": "gem_image",
        "group": "hud"
      },
      "type": "gem"
    },
    "gems_quantity_item": {
      "position": {"x": 0.06, "y": 0.05},
      "properties": {
        "text": "",
        "group": "hud",
        "style": {
          "font": "30px Times New Roman",
          "fill": "#2ED164"
        }
      },
      "type": "gems_quantity"
    },
    "information_item": {
      "position": {"x": 0.644, "y": 0.1},
      "properties": {
        "level_file": "assets/levels/purchase.json",
        "group": "menu_items",
        "state_name": "PurchaseState",
        "texture": "information_image"
      },
      "type": "start_state_item"
    },
    "invite_item": {
      "position": {"x": 0.356, "y": 0.1},
      "properties": {
        "level_file": "assets/levels/purchase.json",
        "group": "menu_items",
        "state_name": "PurchaseState",
        "texture": "invite_image"
      },
      "type": "start_state_item"
    },
    "purchase_gems_item": {
      "position": {"x": 0.25, "y": 0.6},
      "properties": {
        "level_file": "assets/levels/gems.json",
        "group": "menu_items",
        "state_name": "GemsState",
        "texture": "purchase_gems_image"
      },
      "type": "start_state_item"
    },
    "purchase_skills_item": {
      "position": {"x": 0.75, "y": 0.6},
      "properties": {
        "level_file": "assets/levels/skills.json",
        "group": "menu_items",
        "state_name": "SkillsState",
        "texture": "purchase_skills_image"
      },
      "type": "start_state_item"
    },
    "share_item": {
      "position": {"x": 0.262, "y": 0.1},
      "properties": {
        "level_file": "assets/levels/purchase.json",
        "group": "menu_items",
        "state_name": "PurchaseState",
        "texture": "share_image"
      },
      "type": "start_state_item"
    }
  }
}