{
  "assets": {
    "background_image": {"type": "image", "source": "assets/images/background.png"},
    "exit_image": {"type": "image", "source": "assets/images/button-exit.png"},
    "gem_image": {"type": "image", "source": "assets/images/gem.png"},
    "information_image": {"type": "image", "source": "assets/images/button-information.png"},
    "invite_image": {"type": "image", "source": "assets/images/button-invite.png"},
    "share_image": {"type": "image", "source": "assets/images/button-share.png"},
    "skills_heart_plus_one_infinite_image": {"type": "image", "source": "assets/images/button-skills-heart-plus-one-infinite.png"},
    "skills_heart_plus_one_once_image": {"type": "image", "source": "assets/images/button-skills-heart-plus-one-once.png"},
    "skills_jump_plus_one_infinite_image": {"type": "image", "source": "assets/images/button-skills-jump-plus-one-infinite.png"},
    "skills_jump_plus_one_once_image": {"type": "image", "source": "assets/images/button-skills-jump-plus-one-once.png"},
    "skills_speed_plus_one_infinite_image": {"type": "image", "source": "assets/images/button-skills-speed-plus-one-infinite.png"},
    "skills_speed_plus_one_once_image": {"type": "image", "source": "assets/images/button-skills-speed-plus-one-once.png"}
  },
  "groups": [
    "background",
    "hud",
    "menu_items"
  ],
  "prefabs": {
    "background_item": {
      "position": {"x": 0, "y": 0},
      "properties": {
        "group": "background",
        "texture": "background_image"
      },
      "type": "background"
    },
    "exit_item": {
      "position": {"x": 0.95, "y": 0.1},
      "properties": {
        "level_file": "assets/levels/purchase.json",
        "group": "menu_items",
        "state_name": "PurchaseState",
        "texture": "exit_image"
      },
      "type": "start_state_item"
    },
    "gem_item": {
      "position": {"x": 0.01, "y": 0.06},
      "properties": {
        "texture": "gem_image",
        "group": "hud"
      },
      "type": "gem"
    },
    "gems_quantity_item": {
      "position": {"x": 0.06, "y": 0.05},
      "properties": {
        "text": "",
        "group": "hud",
        "style": {
          "font": "30px Times New Roman",
          "fill": "#2ED164"
        }
      },
      "type": "gems_quantity"
    },
    "information_item": {
      "position": {"x": 0.644, "y": 0.1},
      "properties": {
        "level_file": "assets/levels/skills.json",
        "group": "menu_items",
        "state_name": "SkillsState",
        "texture": "information_image"
      },
      "type": "start_state_item"
    },
    "invite_item": {
      "position": {"x": 0.356, "y": 0.1},
      "properties": {
        "level_file": "assets/levels/skills.json",
        "group": "menu_items",
        "state_name": "SkillsState",
        "texture": "invite_image"
      },
      "type": "start_state_item"
    },
    "share_item": {
      "position": {"x": 0.262, "y": 0.1},
      "properties": {
        "level_file": "assets/levels/skills.json",
        "group": "menu_items",
        "state_name": "SkillsState",
        "texture": "share_image"
      },
      "type": "start_state_item"
    },
    "skills_heart_plus_one_infinite_item": {
      "position": {"x": 0.15, "y": 0.78},
      "properties": {
        "group": "menu_items",
        "price": 100,
        "texture": "skills_heart_plus_one_infinite_image",
        "upgrade_properties": {"heart_plus_one_infinite": 1},
        "upgrade_type": "extra_heart"
      },
      "type": "upgrade_item"
    },
    "skills_heart_plus_one_once_item": {
      "position": {"x": 0.15, "y": 0.4},
      "properties": {
        "group": "menu_items",
        "price": 10,
        "texture": "skills_heart_plus_one_once_image",
        "upgrade_properties": {"heart_plus_one_once": 1},
        "upgrade_type": "extra_heart"
      },
      "type": "upgrade_item"
    },
    "skills_jump_plus_one_infinite_item": {
      "position": {"x": 0.5, "y": 0.78},
      "properties": {
        "group": "menu_items",
        "price": 100,
        "texture": "skills_jump_plus_one_infinite_image",
        "upgrade_properties": {"jump_plus_one_infinite": 1},
        "upgrade_type": "extra_jump"
      },
      "type": "upgrade_item"
    },
    "skills_jump_plus_one_once_item": {
      "position": {"x": 0.5, "y": 0.4},
      "properties": {
        "group": "menu_items",
        "price": 10,
        "texture": "skills_jump_plus_one_once_image",
        "upgrade_properties": {"jump_plus_one_once": 1},
        "upgrade_type": "extra_jump"
      },
      "type": "upgrade_item"
    },
    "skills_speed_plus_one_infinite_item": {
      "position": {"x": 0.85, "y": 0.78},
      "properties": {
        "group": "menu_items",
        "price": 100,
        "texture": "skills_speed_plus_one_infinite_image",
        "upgrade_properties": {"speed_plus_one_infinite": 1},
        "upgrade_type": "extra_speed"
      },
      "type": "upgrade_item"
    },
    "skills_speed_plus_one_once_item": {
      "position": {"x": 0.85, "y": 0.4},
      "properties": {
        "group": "menu_items",
        "price": 10,
        "texture": "skills_speed_plus_one_once_image",
        "upgrade_properties": {"speed_plus_one_once": 1},
        "upgrade_type": "extra_speed"
      },
      "type": "upgrade_item"
    }
  }
}